,number_susceptible,number_infected,number_resistant,results_tweets,sustainability_score,infected_low
0,7902,19,0,13,0.748200984724151,4
1,7880,41,0,19,0.746117914404747,7
2,7869,51,1,18,0.7451079409165509,10
3,7858,62,1,17,0.7440664057568489,11
4,7758,162,1,18,0.7345979043050119,12
5,7742,178,1,12,0.733082944072718,12
6,7555,365,1,11,0.7153768463577831,15
