,number_susceptible,number_infected,number_resistant,results_tweets,sustainability_score,infected_low
0,7904,17,0,15,0.7483903547531878,4
1,7676,245,0,18,0.7268021714429996,6
2,7617,303,1,19,0.7212473172579219,10
3,7493,426,2,20,0.7095379371291505,14
4,7472,446,3,13,0.7075811134957707,15
5,7459,459,3,13,0.706350208307032,18
